[
  {
    "id": "6bb8ae96-f1fd-494b-a093-ef3b1585a288",
    "data": [
      {
        "text": "give me some recipes",
        "userDefined": false
      }
    ],
    "isTemplate": false,
    "count": 0,
    "updated": 1536490012
  },
  {
    "id": "c4c0458a-7150-4db9-8231-7bb4f9fdff22",
    "data": [
      {
        "text": "what should i eat",
        "userDefined": false
      }
    ],
    "isTemplate": false,
    "count": 0,
    "updated": 1536490012
  },
  {
    "id": "b36f69af-a76d-4c26-8bc9-f5c12187cb8f",
    "data": [
      {
        "text": "what should I have for dinner",
        "userDefined": false
      }
    ],
    "isTemplate": false,
    "count": 0,
    "updated": 1536490012
  },
  {
    "id": "dd22befb-4d30-4016-a6d5-8150b0aeb931",
    "data": [
      {
        "text": "i\u0027m hungry",
        "userDefined": false
      }
    ],
    "isTemplate": false,
    "count": 0,
    "updated": 1536490012
  },
  {
    "id": "57238317-b10b-4a43-a560-51b6a9482ee3",
    "data": [
      {
        "text": "can you find me a recipe",
        "userDefined": false
      }
    ],
    "isTemplate": false,
    "count": 0,
    "updated": 1536490012
  }
]