[
  {
    "value": "chicken",
    "synonyms": [
      "chicken"
    ]
  },
  {
    "value": "pork",
    "synonyms": [
      "pork"
    ]
  },
  {
    "value": "beef",
    "synonyms": [
      "beef"
    ]
  },
  {
    "value": "quorn",
    "synonyms": [
      "quorn"
    ]
  },
  {
    "value": "lamb",
    "synonyms": [
      "lamb"
    ]
  },
  {
    "value": "fish",
    "synonyms": [
      "fish",
      "cod",
      "haddock"
    ]
  },
  {
    "value": "seafood",
    "synonyms": [
      "seafood",
      "prawn",
      "squid",
      "octopus"
    ]
  },
  {
    "value": "vegetables",
    "synonyms": [
      "vegetables",
      "mushroom",
      "pepper"
    ]
  }
]